id,attr_time,attr_lat,attr_lng
1,1438189990200,49.4473509,8.8963043
2,1438190010178,49.447348,8.8963135
3,1438190030219,49.4473516,8.8963016
4,1438190050466,49.4473495,8.896316
5,1438190070639,49.4473517,8.8963103